meanfreq,sd,median,Q25,Q75,IQR,skew,kurt,sp.ent,sfm,mode,centroid,meanfun,minfun,maxfun,meandom,mindom,maxdom,dfrange,modindx,label
0.05978098496,0.064241267703,0.032026913373,0.015071488646,0.090193439865,0.07512195122,12.863461837,274.4029055,0.8933694167,0.4919177664,0,0.05978098496,0.08427910644,0.015701668302,0.27586206897,0.0078125,0.0078125,0.0078125,0,0,male
0.066008740388,0.067310028795,0.040228734811,0.019413867048,0.092666190136,0.073252323088,22.423285363,634.61385454,0.89219324227,0.51372384254,0,0.066008740388,0.10793655367,0.015825914936,0.25,0.0090144230769,0.0078125,0.0546875,0.046875,0.052631578947,male
0.077315502696,0.083829420945,0.03671845867,0.0087010565569,0.1319080174,0.12320696085,30.75715458,1024.9277047,0.84638909188,0.47890497912,0,0.077315502696,0.098706261567,0.015655577299,0.27118644068,0.0079900568182,0.0078125,0.015625,0.0078125,0.046511627907,male
0.15122809172,0.072110587263,0.15801118707,0.096581727781,0.20795525171,0.11137352393,1.2328312755,4.1772962103,0.96332246154,0.72723179886,0.083878185208,0.15122809172,0.08896484855,0.017797552836,0.25,0.20149739583,0.0078125,0.5625,0.5546875,0.2471190781,male
0.1351203873,0.079146100494,0.12465622873,0.078720217835,0.20604492852,0.12732471069,1.1011736655,4.3337131547,0.97195507621,0.78356805755,0.10426140231,0.1351203873,0.10639784462,0.016931216931,0.26666666667,0.7128125,0.0078125,5.484375,5.4765625,0.20827389444,male
0.13278640731,0.079556865973,0.11908984831,0.067957992999,0.2095915986,0.1416336056,1.9325624321,8.3088950367,0.96318134632,0.73830700449,0.1125554259,0.13278640731,0.11013192012,0.017112299465,0.25396825397,0.29822198276,0.0078125,2.7265625,2.71875,0.1251596424,male
0.15076233018,0.074463205203,0.16010638298,0.09289893617,0.20571808511,0.11281914894,1.5306432314,5.987497658,0.96757306993,0.76263767028,0.086196808511,0.15076233018,0.10594451525,0.026229508197,0.26666666667,0.47961956522,0.0078125,5.3125,5.3046875,0.12399186479,male
0.16051433217,0.076766884876,0.14433677522,0.11053216839,0.2319618745,0.12142970612,1.3971563651,4.766610695,0.95925456979,0.71985790705,0.12832406672,0.16051433217,0.093052430337,0.017758046615,0.14414414414,0.30133928571,0.0078125,0.5390625,0.53125,0.28393665158,male
0.14223941681,0.078018462446,0.13858744395,0.088206278027,0.20858744395,0.12038116592,1.0997461512,4.0702837059,0.97072293218,0.77099205449,0.21910313901,0.14223941681,0.096728946207,0.017957351291,0.25,0.3364762931,0.0078125,2.1640625,2.15625,0.14827201784,male
0.13432877731,0.080350027614,0.12145134689,0.075579989005,0.2019571193,0.12637713029,1.1903684443,4.787309833,0.97524614252,0.80450525304,0.011698735569,0.13432877731,0.1058809263,0.019300361882,0.26229508197,0.34036458333,0.015625,4.6953125,4.6796875,0.089919981578,male
0.15702051106,0.071942930681,0.16816015253,0.10142993327,0.21673975214,0.11530981888,0.97944227542,3.9742226255,0.96524913929,0.73369287793,0.096358436606,0.15702051106,0.088893982995,0.022068965517,0.11764705882,0.46022727273,0.0078125,2.8125,2.8046875,0.2,male
0.13855052139,0.077053992998,0.12752659574,0.087313829787,0.2027393617,0.11542553191,1.6267698668,6.2913650787,0.96600377506,0.75204201269,0.01210106383,0.13855052139,0.10419931869,0.019138755981,0.26229508197,0.24609375,0.0078125,2.71875,2.7109375,0.13235137154,male
0.13734274188,0.080876706934,0.12426250812,0.083144899285,0.20922677063,0.12608187135,1.3787282035,5.008951625,0.96351352779,0.73614995507,0.10843404808,0.13734274188,0.092644019311,0.016789087093,0.21333333333,0.48167067308,0.015625,5.015625,5,0.0885,male
0.18122545937,0.060042054519,0.19095320624,0.12883882149,0.22953206239,0.1006932409,1.3694304576,5.475599788,0.93744576047,0.53707999494,0.21982668977,0.18122545937,0.13150372228,0.025,0.27586206897,1.2771139706,0.0078125,2.8046875,2.796875,0.41655027933,male
0.18311528069,0.066982350373,0.19123252859,0.12914866582,0.24015247776,0.11100381194,3.5681040235,35.384748453,0.94033262291,0.57139420152,0.04998729352,0.18311528069,0.10279869506,0.020833333333,0.27586206897,1.2457386364,0.203125,6.7421875,6.5390625,0.13933176781,male
0.17427210518,0.069411045324,0.19087410665,0.11560197911,0.22827927433,0.11267729522,4.4850383502,61.764908314,0.95097202466,0.63519917845,0.050027487631,0.17427210518,0.10204599145,0.018327605956,0.24615384615,1.6212993421,0.0078125,7,6.9921875,0.20931098696,male
0.19084629765,0.065790282388,0.20795098707,0.1322804629,0.24435670524,0.11207624234,1.562303683,7.8343498864,0.93854601344,0.53880958412,0.050129339687,0.19084629765,0.11332280148,0.017543859649,0.27586206897,1.4341145833,0.0078125,6.3203125,6.3125,0.25477978832,male
0.17124697135,0.074871569699,0.15280665281,0.12239085239,0.24361746362,0.12122661123,3.207169827,25.765564945,0.93695353687,0.58641951417,0.059958419958,0.17124697135,0.079718312203,0.015670910872,0.26229508197,0.10627948113,0.0078125,0.5703125,0.5625,0.13835470085,male
0.16834594617,0.074120817065,0.14561847169,0.11575590984,0.23982407916,0.12406816932,2.7043347287,18.484702597,0.9345233796,0.55974231827,0.060032985157,0.16834594617,0.083484022128,0.015717092338,0.23188405797,0.1465625,0.0078125,3.125,3.1171875,0.059536596594,male
0.17363137605,0.073351512009,0.15356855739,0.12368021438,0.24423403305,0.12055381867,2.8049748848,20.857543156,0.93091689282,0.51826855653,0.060026797678,0.17363137605,0.090129538641,0.015701668302,0.21052631579,0.19304435484,0.0078125,2.8203125,2.8125,0.068123861566,male
0.1727542872,0.076902583014,0.17773628938,0.12007001167,0.24536756126,0.12529754959,2.9677650933,20.078114698,0.92553932698,0.52308112257,0.059953325554,0.1727542872,0.093573512505,0.015763546798,0.2,0.23587740385,0.0078125,0.71875,0.7109375,0.23506927855,male
0.18101539383,0.074369303833,0.16929881338,0.12867313916,0.25417475728,0.12550161812,2.5873245336,12.281431923,0.91528411963,0.47531747082,0.059956850054,0.18101539383,0.098643410193,0.01614530777,0.27586206897,0.20984375,0.0078125,3.6953125,3.6875,0.059939971751,male
0.16353585347,0.072448898313,0.14554252199,0.11392961877,0.22744868035,0.11351906158,3.58764999,28.653780505,0.92701467829,0.54242240354,0.059941348974,0.16353585347,0.06254164386,0.01568627451,0.1975308642,0.059621710526,0.0078125,0.4453125,0.4375,0.091698841699,male
0.17021279751,0.075104946072,0.14605299861,0.1239888424,0.25012552301,0.12613668061,2.8167929184,13.764582201,0.91383225361,0.48796571569,0.059944211994,0.17021279751,0.077698414926,0.015701668302,0.19277108434,0.1015625,0.0078125,0.5625,0.5546875,0.16179126038,male
0.16042247652,0.076614764456,0.14482380579,0.12092404072,0.23724353955,0.11631949883,6.253208252,85.491925691,0.93302964703,0.56742361354,0.060078308536,0.16042247652,0.098944146178,0.016096579477,0.27586206897,0.20675616197,0.0078125,3.953125,3.9453125,0.073889674682,male
0.16469983805,0.075361772359,0.14701846966,0.11869832894,0.24047493404,0.1217766051,4.2086084052,43.681885425,0.94066879023,0.60402048511,0.059964819701,0.16469983805,0.082962611352,0.015640273705,0.25396825397,0.1433531746,0.0078125,1.0625,1.0546875,0.12592592593,male
0.16957880141,0.075634513957,0.18646757679,0.11670648464,0.23854948805,0.12184300341,4.2699226778,45.895247818,0.92949804222,0.54370854408,0.059965870307,0.16957880141,0.082451320718,0.016210739615,0.27118644068,0.1484375,0.0078125,3.609375,3.6015625,0.050840563991,male
0.16902100393,0.071778152095,0.14316848282,0.12580050293,0.24831517184,0.1225146689,3.0792733952,14.340298843,0.90227525606,0.47774572308,0.12814752724,0.16902100393,0.13059832769,0.015841584158,0.22535211268,0.3353125,0.0078125,0.7109375,0.703125,0.39735449735,male
0.16734023869,0.072841230232,0.14173913043,0.12217391304,0.24,0.11782608696,2.1921262457,8.1524097849,0.91376349331,0.53947908976,0.1347826087,0.16734023869,0.1200521837,0.016243654822,0.26229508197,0.29867788462,0.0078125,0.6796875,0.671875,0.38477801268,male
0.18052782145,0.070866998074,0.1423853211,0.1295412844,0.25247706422,0.12293577982,2.7999689442,12.190360523,0.8531148937,0.3134264497,0.13357798165,0.18052782145,0.12660744077,0.017039403621,0.17777777778,0.23486328125,0.0078125,0.5078125,0.5,0.32924107143,male
0.15303904758,0.074031129974,0.15806451613,0.092731182796,0.2143655914,0.1216344086,0.88570164756,3.5239818556,0.97321784162,0.8075517084,0.21677419355,0.15303904758,0.067407498732,0.016260162602,0.20512820513,0.2615625,0.0078125,1.0234375,1.015625,0.19134615385,male
0.16665949878,0.075961167559,0.14278145695,0.12207505519,0.24507726269,0.12300220751,3.2818479641,16.61948169,0.91578486932,0.56040669529,0.12701986755,0.16665949878,0.12771989124,0.017278617711,0.27586206897,0.27450284091,0.0078125,0.6328125,0.625,0.3325,male
0.17565942879,0.071651533056,0.14419161677,0.13105788423,0.25652694611,0.12546906188,3.7364872839,21.666668732,0.87674895525,0.40390955981,0.13441117764,0.17565942879,0.13272609583,0.016563146998,0.22857142857,0.2578125,0.0078125,0.6484375,0.640625,0.2034368071,male
0.17482573326,0.071532831146,0.14647058824,0.12352941176,0.24705882353,0.12352941176,2.5767320417,10.110124864,0.87539151895,0.43670620999,0.12,0.17482573326,0.12468480165,0.016753926702,0.25,0.79900568182,0.0078125,4.171875,4.1640625,0.20581613508,male
0.1740646137,0.073121843993,0.14018348624,0.12770642202,0.2528440367,0.12513761468,3.2630397551,16.424054653,0.87561111076,0.41483888438,0.13321100917,0.1740646137,0.12453318575,0.016343207354,0.23188405797,0.24494485294,0.0078125,0.6328125,0.625,0.4225,male
0.15953049124,0.075273103776,0.14685314685,0.1213986014,0.23937062937,0.11797202797,1.9935005164,6.8703511773,0.92113235298,0.58253102167,0.13363636364,0.15953049124,0.12025442126,0.018411967779,0.16842105263,0.37286931818,0.0078125,2.609375,2.6015625,0.21681681682,male
0.16764836138,0.067219927333,0.15723951286,0.13602165088,0.20952638701,0.07350473613,1.9360651296,6.3346257992,0.90398230489,0.48288605004,0.13450608931,0.16764836138,0.14274825094,0.016614745587,0.26229508197,0.23958333333,0.0078125,0.6015625,0.59375,0.3475877193,male
0.17243638588,0.071504542503,0.14562043796,0.13284671533,0.25240875912,0.1195620438,4.5044405412,31.078417021,0.87820688138,0.47004435004,0.13591240876,0.17243638588,0.13890387145,0.12121212121,0.17204301075,0.2609375,0.1328125,0.5546875,0.421875,0.23251028807,male
0.16298111575,0.065952332039,0.14277066356,0.13429569267,0.20698486612,0.072689173458,4.3448383375,26.589605477,0.86983569599,0.42978565862,0.13755529686,0.16298111575,0.13137632604,0.01677148847,0.18181818182,0.187890625,0.0078125,0.6875,0.6796875,0.25542784163,male
0.17020984765,0.072023008348,0.14600389864,0.12881091618,0.24588693957,0.11707602339,2.7459513382,11.784297433,0.9118507525,0.51460066817,0.13235867446,0.17020984765,0.12752918644,0.016161616162,0.25,0.32846467391,0.0078125,0.9140625,0.90625,0.17155172414,male
0.17140080734,0.068428138577,0.145321955,0.13120248254,0.2461132661,0.11491078355,2.930439972,13.726134817,0.89356958464,0.42425444839,0.13706749418,0.17140080734,0.14118337497,0.015841584158,0.26229508197,0.31365740741,0.0078125,0.6953125,0.6875,0.27322134387,male
0.14688615367,0.068160816409,0.12146674953,0.097103791175,0.21334990677,0.1162461156,2.6033941467,13.265850985,0.94065889845,0.61197734885,0.1212927284,0.14688615367,0.081563760588,0.01593625498,0.24242424242,0.34676846591,0.0078125,4.1796875,4.171875,0.095070115844,male
0.16676378549,0.064488516034,0.1601236476,0.11684698609,0.22958268934,0.11273570325,2.1172030424,8.9391762072,0.93784876327,0.59212329422,0.12139103555,0.16676378549,0.10168148131,0.015640273705,0.25396825397,0.41953125,0.0078125,2.8203125,2.8125,0.099572649573,male
0.15369186058,0.066495859005,0.145158831,0.099085133418,0.21151207116,0.11242693774,2.3525939085,13.907932027,0.94634900936,0.62927157287,0.12132147395,0.15369186058,0.095597118479,0.01592039801,0.24242424242,0.6076108871,0.0859375,4.7265625,4.640625,0.12031024531,male
0.16801133864,0.068873401424,0.16791788856,0.11598240469,0.22806451613,0.11208211144,2.3196262581,8.564218273,0.92652154099,0.56762097205,0.12131964809,0.16801133864,0.10171892839,0.016,0.26229508197,0.20415296053,0.0078125,0.625,0.6171875,0.23195347246,male
0.14828138259,0.068117183683,0.12989278056,0.094867762688,0.20034310222,0.10547533953,3.2684749457,22.89644491,0.94262611244,0.63585298252,0.12128663331,0.14828138259,0.097531607424,0.01581027668,0.27586206897,0.71574519231,0.0078125,5.2265625,5.21875,0.13922155689,male
0.15859595536,0.066216652396,0.13330221704,0.11108518086,0.22445740957,0.1133722287,3.019164195,17.536425127,0.93241515922,0.56791348937,0.12121353559,0.15859595536,0.080459826861,0.016064257028,0.26666666667,0.26412898936,0.0078125,1.3359375,1.328125,0.1820971867,male
0.16364318159,0.070030716506,0.14412111018,0.11068124474,0.22748528175,0.11680403701,1.6995287541,7.628756036,0.94838343976,0.63257931519,0.1212783852,0.16364318159,0.055565349313,0.016276703967,0.21333333333,0.16264204545,0.03125,0.671875,0.640625,0.1162347561,male
0.15865692536,0.067564057403,0.1610619469,0.10445200817,0.21919673247,0.1147447243,1.9396625325,8.2038320802,0.94218991274,0.61357816263,0.12122532335,0.15865692536,0.10139491634,0.015779092702,0.27586206897,0.4677972561,0.0078125,6.8828125,6.875,0.0909375,male
0.13789282011,0.072420662699,0.11985239852,0.086531365314,0.20070110701,0.1141697417,2.0109933025,10.262074044,0.96329437257,0.72704722445,0.059926199262,0.13789282011,0.076307418291,0.016210739615,0.128,0.505859375,0.03125,4.6640625,4.6328125,0.17303728687,male
0.14271558528,0.074163591107,0.12785009862,0.088915187377,0.20627218935,0.11735700197,1.5522694403,7.2301879462,0.96668487247,0.75318764156,0.060197238659,0.14271558528,0.098872556821,0.018735362998,0.20779220779,0.85329861111,0.0078125,4.6640625,4.65625,0.21298855113,male
0.13505291388,0.072095146973,0.11292701279,0.087644845749,0.20036117381,0.11271632807,3.4217794371,19.133217298,0.9484173474,0.68298771228,0.10260346125,0.13505291388,0.090751057861,0.01724137931,0.2,0.6153125,0.015625,4.4453125,4.4296875,0.21715167549,male
0.14146076026,0.072861394739,0.12487928844,0.090724269377,0.20119440915,0.11047013977,2.2641149868,13.082296798,0.96487290862,0.73429042651,0.060127064803,0.14146076026,0.10139476005,0.021798365123,0.23529411765,0.89628232759,0.0078125,5.15625,5.1484375,0.23913898724,male
0.1412801152,0.074404048214,0.13420617005,0.090594431904,0.20204665162,0.11145221971,2.0525506569,10.941305678,0.96658820458,0.74479987139,0.060045146727,0.1412801152,0.10931955898,0.026711185309,0.22857142857,0.9746875,0.0390625,5.828125,5.7890625,0.16801619433,male
0.15385120336,0.07219157526,0.1445920942,0.10243902439,0.21947855341,0.11703952902,1.7588925201,7.1324384474,0.95471086867,0.68461679703,0.060050462574,0.15385120336,0.11225640952,0.024729520866,0.27586206897,0.62870065789,0.0078125,2.703125,2.6953125,0.20676328502,male
0.14564070468,0.077006408693,0.13794721408,0.087859237537,0.21184750733,0.12398826979,2.1114805651,11.535716114,0.96492548816,0.7393683567,0.059941348974,0.14564070468,0.10366950614,0.015670910872,0.27586206897,0.92047991071,0.0078125,5.4296875,5.421875,0.27094673925,male
0.14485840689,0.076591816701,0.13557177616,0.090608272506,0.20761557178,0.11700729927,2.7975019353,29.553646601,0.9719074061,0.76363816922,0.0599513382,0.14485840689,0.10324956013,0.021276595745,0.26666666667,0.79166666667,0.0078125,4.9921875,4.984375,0.15967868339,male
0.12168336256,0.086850111735,0.11823704586,0.030684931507,0.21529481834,0.18460988684,2.0623240561,8.4655735126,0.93166068887,0.54921769422,0.117903514,0.12168336256,0.13088752477,0.020356234097,0.27118644068,0.58341733871,0.0078125,3.7265625,3.71875,0.25322128852,male
0.13564993207,0.086412330625,0.12672245467,0.049986052999,0.22884239888,0.17885634589,1.3882763282,5.0090165496,0.95251406937,0.6598138358,0.11481171548,0.13564993207,0.13431421293,0.060836501901,0.25,1.10875,0.0078125,4.296875,4.2890625,0.36926643484,male
0.10039941712,0.0728345701,0.081725175527,0.04409227683,0.14435305918,0.10026078235,0.52958380302,2.0684554908,0.97019416236,0.7545522055,0.011654964895,0.10039941712,0.11735932114,0.01593625498,0.26229508197,1.0867598684,0.0078125,4.34375,4.3359375,0.34486486486,male
0.12508754695,0.080116695089,0.11419112114,0.057306245297,0.20141459744,0.14410835214,2.3773896556,10.550720169,0.94849592829,0.67063300762,0.11187358916,0.12508754695,0.11474272558,0.024390243902,0.27118644068,0.56003289474,0.0078125,4.296875,4.2890625,0.22667476219,male
0.14348616215,0.070275486795,0.12386879731,0.10173254836,0.21123633305,0.10950378469,1.793199734,6.6615334016,0.94227858676,0.61017082115,0.10644238856,0.14348616215,0.12081536874,0.033333333333,0.26666666667,1.1166666667,0.09375,4.5625,4.46875,0.35032275417,male
0.14319682986,0.085447387524,0.12535279805,0.096228710462,0.23265206813,0.13642335766,1.9361265325,7.989100746,0.9407291338,0.58517479601,0.11309002433,0.14319682986,0.1102603026,0.027257240204,0.26229508197,0.65277777778,0.0078125,4.5703125,4.5625,0.18739726027,male
0.14553238142,0.087864043221,0.12972059779,0.088966861598,0.23378817414,0.14482131254,1.4587988371,5.0103793658,0.94659536591,0.62139207428,0.1158934373,0.14553238142,0.10380313693,0.01568627451,0.27586206897,0.70634191176,0.0078125,4.9765625,4.96875,0.16680960549,male
0.16206542931,0.084432291153,0.14314901593,0.11231490159,0.24942830366,0.13711340206,1.5785632815,5.1794488062,0.94340466917,0.59512796375,0.26897844424,0.16206542931,0.11702226877,0.01652892562,0.25,0.59914434524,0.0078125,4.578125,4.5703125,0.18921761999,male
0.1429612328,0.083106899146,0.12929235168,0.098070050036,0.22816297355,0.13009292352,1.831167575,7.1587651037,0.9461340585,0.63168897612,0.1124803431,0.1429612328,0.13173357254,0.054054054054,0.25,0.410546875,0.0078125,2.71875,2.7109375,0.15637797664,male
0.14115344713,0.080922188549,0.12430493274,0.097152466368,0.22224215247,0.1250896861,1.7242978369,6.3135165057,0.94995889607,0.64665304666,0.10939461883,0.14115344713,0.11729783585,0.018867924528,0.25806451613,0.63961693548,0.0078125,4.0625,4.0546875,0.18723008438,male
0.16733403528,0.047177727072,0.16180215475,0.13547502449,0.18072477963,0.045249755142,3.9619083618,24.41962179,0.88037525296,0.34430731161,0.16619000979,0.16733403528,0.14181040623,0.016032064128,0.25396825397,0.578125,0.125,6.921875,6.796875,0.021647509579,male
0.16785031228,0.052593588816,0.16326219512,0.12847560976,0.19036585366,0.061890243902,1.9192295229,7.131328753,0.92051270914,0.40386580768,0.1668902439,0.16785031228,0.12154625385,0.015952143569,0.26229508197,0.81317934783,0.0703125,6.5703125,6.5,0.074188701923,male
0.18509843868,0.054289441849,0.17677188803,0.14642048839,0.2166289458,0.070208457415,1.6017391801,5.2237863323,0.91032091542,0.35802307256,0.16526503871,0.18509843868,0.13098332762,0.016161616162,0.26666666667,0.56828703704,0.0078125,5.140625,5.1328125,0.095826991375,male
0.16776153779,0.058883370135,0.15993402969,0.12560747664,0.20087960418,0.075272127543,2.5315003959,11.509485432,0.92364011895,0.48511775427,0.12683892248,0.16776153779,0.1320890637,0.018539976825,0.25396825397,1.0485197368,0.0078125,6.84375,6.8359375,0.058373626374,male
0.17109350165,0.061286734998,0.14869138008,0.12555605181,0.2334792318,0.10792317999,2.7895933529,13.537514558,0.90983667113,0.39532816563,0.12955783832,0.17109350165,0.13207536516,0.026186579378,0.20253164557,0.29927884615,0.0078125,0.6796875,0.671875,0.2015503876,male
0.16708305391,0.064425673156,0.18170511535,0.10756268806,0.22074222668,0.11317953862,1.8709435261,8.3815571423,0.93485812571,0.52092600538,0.092256770311,0.16708305391,0.1026264382,0.020833333333,0.25,0.63783482143,0.21875,5.203125,4.984375,0.021943573668,male
0.20083014539,0.053066216593,0.210058873,0.18533221194,0.23619848612,0.05086627418,1.8409014437,6.0068009085,0.90768313566,0.38681846851,0,0.20083014539,0.16515538142,0.015763546798,0.27118644068,1.0670572917,0.0703125,5.59375,5.5234375,0.33637649479,male
0.13709564327,0.066633153094,0.10287348106,0.085060757684,0.19714081487,0.11208005718,4.0782168596,25.663215585,0.91221576135,0.50788620137,0.084260185847,0.13709564327,0.081164738839,0.016666666667,0.26229508197,0.1953125,0.0078125,2.171875,2.1640625,0.04606000249,male
0.19032456291,0.051695723784,0.19141041931,0.15689961881,0.22058449809,0.063684879288,1.461858806,5.3603189275,0.9180012454,0.36234427592,0,0.19032456291,0.15201254466,0.021136063408,0.24615384615,0.88454861111,0.0078125,6.71875,6.7109375,0.21173457509,male
0.18713945348,0.056499406529,0.17610938471,0.14304536979,0.24763206961,0.10458669981,1.4111533142,4.149301675,0.90224698681,0.29859947711,0.16619018024,0.18713945348,0.13819760134,0.016684045881,0.23188405797,0.80133928571,0.125,6.640625,6.515625,0.12700608744,male
0.18435486929,0.055493941074,0.18343065693,0.15090024331,0.22635036496,0.075450121655,1.5880138585,8.9900482026,0.93283478646,0.42775525443,0,0.18435486929,0.13371744983,0.018518518519,0.26666666667,1.795625,0.0078125,7,6.9921875,0.31610395919,male
0.20004181203,0.055815130754,0.21079213818,0.16659916617,0.24347826087,0.076879094699,2.9267807049,15.253786804,0.91463401181,0.41291946642,0.24064324002,0.20004181203,0.15910693095,0.020100502513,0.26666666667,0.62265625,0.15625,6.390625,6.234375,0.11974380395,male
0.17568186782,0.055524094241,0.17315102548,0.14826600373,0.21509011809,0.066824114357,1.7598529436,6.4713639671,0.93406066949,0.51256224824,0,0.17568186782,0.14938670421,0.019900497512,0.25396825397,0.80711206897,0.0078125,6.5625,6.5546875,0.1904903797,male
0.15810798946,0.082781591576,0.1911914544,0.062350041085,0.22455217749,0.1622021364,2.8013439631,19.929616705,0.9521609649,0.67922331262,0.049926047658,0.15810798946,0.18504173479,0.023021582734,0.27586206897,0.27296401515,0.046875,0.7421875,0.6953125,0.33988764045,female
0.18285544062,0.067788883791,0.20063872255,0.17548902196,0.22606786427,0.050578842315,3.0018899789,19.865481837,0.91045812997,0.50609887688,0.05001996008,0.18285544062,0.15959035154,0.018713450292,0.26666666667,0.25896990741,0.0546875,0.8046875,0.75,0.26923076923,female
0.19980651912,0.061973776737,0.21135764158,0.18442203258,0.23568657874,0.05126454616,2.5438411837,14.92196426,0.90443236166,0.42528917247,0.04996121024,0.19980651912,0.15646508247,0.016194331984,0.26666666667,0.25044642857,0.0546875,0.8984375,0.84375,0.32952069717,female
0.19528036668,0.072086927507,0.20465648855,0.18061068702,0.25595419847,0.07534351145,2.3923256755,10.061489077,0.90711529922,0.52420879145,0.1934351145,0.19528036668,0.18262941728,0.02492211838,0.27586206897,0.26953125,0.0546875,0.703125,0.6484375,0.29471733086,female
0.20850436689,0.057550186834,0.22022871665,0.19034307497,0.24975857687,0.059415501906,1.707786442,5.6709115948,0.87967351955,0.34354832403,0.050165184244,0.20850436689,0.16204312781,0.016806722689,0.26229508197,0.26078869048,0.0546875,0.8125,0.7578125,0.25154639175,female
0.16842574079,0.071344338158,0.18905109489,0.15839416058,0.21664233577,0.058248175182,3.0203459549,17.791219505,0.90102214381,0.49170938783,0.050072992701,0.16842574079,0.16834343907,0.01593625498,0.27118644068,0.253125,0.0546875,0.9140625,0.859375,0.40779220779,female
0.17998185835,0.077964193915,0.20427672956,0.12708595388,0.24037735849,0.11329140461,2.7646701254,12.822157232,0.92742356983,0.58027435334,0.24155136268,0.17998185835,0.16225897278,0.016842105263,0.27586206897,0.20733173077,0.0546875,0.546875,0.4921875,0.30984126984,female
0.20451797183,0.068569139678,0.21602649007,0.19222958057,0.25527593819,0.063046357616,1.9185426242,7.5371262333,0.89691879909,0.40958342842,0.050066225166,0.20451797183,0.16307718896,0.016753926702,0.27586206897,0.205,0.046875,0.7578125,0.7109375,0.23534798535,female
0.19829219915,0.06266822141,0.21163995068,0.18367447596,0.23649815043,0.052823674476,2.1762452695,9.7662537002,0.90208251647,0.4499730756,0.050061652281,0.19829219915,0.16289683035,0.016684045881,0.27118644068,0.35724431818,0.0546875,0.9296875,0.875,0.26530612245,female
0.18424982183,0.069538346613,0.20484711212,0.18011325028,0.2273612684,0.04724801812,2.780534606,12.557135592,0.90960713604,0.52694607931,0.050101925255,0.18424982183,0.14381926511,0.015763546798,0.27118644068,0.22298177083,0.0546875,1.015625,0.9609375,0.20643336868,female
0.19179436428,0.038088598931,0.19885668916,0.16984517666,0.21397379913,0.044128622469,2.475110501,9.898559143,0.8896825,0.26058997065,0.20863834855,0.19179436428,0.17061250467,0.032854209446,0.27586206897,0.83901515152,0.0078125,6.9921875,6.984375,0.19285659184,female
0.1930041123,0.038431049594,0.20463676062,0.17073441842,0.2133068678,0.042572449385,3.6492834457,19.036583264,0.87356377467,0.27752970052,0.21063914252,0.1930041123,0.15739325142,0.015825914936,0.24615384615,0.64762931034,0.0078125,5.953125,5.9453125,0.10260621989,female
0.19089009516,0.04326809933,0.19297640653,0.15816696915,0.21774954628,0.059582577132,1.6081375504,5.2249133947,0.91140546716,0.30948381645,0.19310344828,0.19089009516,0.16255305758,0.059259259259,0.27118644068,0.65625,0.1484375,6.8203125,6.671875,0.088886523313,female
0.18448437225,0.045272463052,0.17862068966,0.15549909256,0.21127041742,0.055771324864,1.6981713212,5.9550168665,0.91266645388,0.33772236042,0.15676950998,0.18448437225,0.15667772631,0.018912529551,0.25806451613,0.79791666667,0.0078125,5.953125,5.9453125,0.21014454665,female
0.18850513252,0.045253585628,0.18165439584,0.15679514942,0.22009527934,0.063300129926,1.6673566032,6.354831451,0.91630326266,0.32168279655,0.16297964487,0.18850513252,0.15457972875,0.015841584158,0.25396825397,0.45186491935,0.140625,2.609375,2.46875,0.10115280289,female
0.19747619573,0.0417131656,0.1937006237,0.1741995842,0.22382536383,0.049625779626,2.0339500251,8.0946489078,0.89858515051,0.26996822403,0.17769230769,0.19747619573,0.18660964691,0.016494845361,0.27586206897,0.33664772727,0.0078125,0.6640625,0.65625,0.27944862155,female
0.16088383974,0.088124138998,0.20514851485,0.060682068207,0.2304070407,0.1697249725,1.6333767127,5.673614363,0.93565318959,0.56903252257,0.23225522552,0.16088383974,0.19819899348,0.061776061776,0.27586206897,0.74114583333,0.0078125,3.96875,3.9609375,0.2931811778,female
0.14841440216,0.079820130393,0.17203155819,0.07842209073,0.20102564103,0.1226035503,1.7175484114,5.9619271475,0.95633804782,0.72363045129,0,0.14841440216,0.16070829117,0.01585728444,0.25806451613,1.0325520833,0.0078125,5.1328125,5.125,0.25322812052,female
0.10931061641,0.085694321669,0.070083432658,0.029702026222,0.19323003576,0.16352800954,1.6877794569,5.6953317395,0.9386976325,0.6220222837,0.021692491061,0.10931061641,0.17517333968,0.036199095023,0.22857142857,1.2241210938,0.03125,5.953125,5.921875,0.2327176781,female
0.14651140255,0.0883003613,0.16970479705,0.05295202952,0.22265682657,0.16970479705,1.114939498,3.9923177944,0.9642917208,0.74720058086,0.1673800738,0.14651140255,0.19587157978,0.055555555556,0.27586206897,0.41193181818,0.0078125,2.9765625,2.96875,0.10927318296,female
0.11072727677,0.087557238374,0.088362919132,0.029822485207,0.19495069034,0.16512820513,1.7220616922,6.7653289664,0.9626814446,0.74737368419,0.0088362919132,0.11072727677,0.18917213591,0.016,0.26229508197,0.68070652174,0.0078125,4.9140625,4.90625,0.11313315135,female
0.15655372415,0.08697521544,0.17470338983,0.067330508475,0.23046610169,0.16313559322,1.3093023165,5.0472611607,0.9567335857,0.69690680524,0.16936440678,0.15655372415,0.1782654407,0.041666666667,0.27586206897,0.36764705882,0.0078125,0.9140625,0.90625,0.31465517241,female
0.16074486589,0.090560890709,0.18949494949,0.061750841751,0.24323232323,0.18148148148,1.181423915,3.9570549839,0.95811263859,0.72456148679,0.2602020202,0.16074486589,0.1936874242,0.057347670251,0.25806451613,0.46235795455,0.0234375,0.7421875,0.71875,0.24673913043,female
0.11820653086,0.067798536398,0.10646058733,0.064049459042,0.17397217929,0.10992272025,0.14173542414,2.2096727717,0.9744259279,0.76245851508,0.035919629057,0.11820653086,0.19336898221,0.026058631922,0.25,0.3722826087,0.015625,0.90625,0.890625,0.31259968102,female
0.12270601335,0.085215856345,0.14573879886,0.032030505243,0.19912297426,0.16709246902,1.4833815582,4.7884775573,0.94102219623,0.62047085114,0.19351763584,0.12270601335,0.18721920534,0.032786885246,0.23880597015,0.61060855263,0.015625,3.7734375,3.7578125,0.19045969046,female
0.1637019995,0.085752039881,0.18457711443,0.084975124378,0.23437810945,0.14940298507,1.6003977219,6.6191715432,0.96569633398,0.76879646653,0.22044776119,0.1637019995,0.19042873808,0.068965517241,0.27118644068,0.7265625,0.0390625,3.5234375,3.484375,0.33277279522,female
0.1136384454,0.078447717508,0.08410923277,0.045513654096,0.18460338101,0.13908972692,0.81444960121,2.9977577278,0.95483377954,0.66266473099,0.17841352406,0.1136384454,0.16050587844,0.016684045881,0.23529411765,0.82589285714,0.015625,4.390625,4.375,0.27788461538,female
0.14900241488,0.083573696089,0.18533221194,0.064760302775,0.21523969722,0.15047939445,2.4360470583,11.595644331,0.95648655879,0.71842205068,0.21359125315,0.14900241488,0.18731945157,0.050793650794,0.27586206897,0.60869565217,0.0078125,3.40625,3.3984375,0.20480668757,female
0.16412545731,0.080537654625,0.19942766296,0.095707472178,0.22569157393,0.12998410175,1.8217615424,6.1157422328,0.93071572509,0.60128573988,0.20387917329,0.16412545731,0.18900163413,0.040920716113,0.25396825397,0.17258522727,0.015625,0.5625,0.546875,0.34571428571,female
0.11129251798,0.084946199071,0.082369765066,0.032032686415,0.19305413687,0.16102145046,1.5994772446,5.5386438241,0.952860058,0.68880839029,0.014586312564,0.11129251798,0.18954990365,0.03125,0.26666666667,0.7765625,0.0078125,4.671875,4.6640625,0.075190768658,female
0.10278746836,0.09157769659,0.07442193087,0.01568533969,0.20224076281,0.18655542312,3.2224421768,14.977291648,0.93681475874,0.67400507535,0.0073420738975,0.10278746836,0.19589414985,0.10526315789,0.24615384615,0.78824013158,0.0078125,3.5,3.4921875,0.14876957494,female
0.19457140067,0.072734584847,0.21716945996,0.18901303538,0.23985102421,0.050837988827,7.727108196,120.46944383,0.8883290739,0.36823462027,0.050055865922,0.19457140067,0.16717730665,0.016649323621,0.27586206897,0.15247844828,0.0546875,0.71875,0.6640625,0.22857142857,female
0.19678115461,0.065010688958,0.20984006093,0.18979436405,0.2379893374,0.048194973343,9.4423510173,159.09807302,0.87804453398,0.33331630739,0.050114242193,0.19678115461,0.16387700457,0.016112789527,0.27118644068,0.15625,0.0546875,0.7890625,0.734375,0.16838905775,female
0.17969160154,0.065430289227,0.19917745621,0.17358720487,0.22028941356,0.046702208682,10.184546777,175.69679057,0.87444018888,0.38644677053,0.050114242193,0.17969160154,0.13137244107,0.016684045881,0.26666666667,0.08984375,0.0546875,0.40625,0.3515625,0.13206349206,female
0.16203039049,0.077675757668,0.18954377312,0.077681874229,0.21854500617,0.14086313194,6.1497449144,73.512155646,0.93234573013,0.63121994413,0.050061652281,0.16203039049,0.14387538796,0.016666666667,0.27586206897,0.18252840909,0.0546875,0.7578125,0.703125,0.24444444444,female
0.19021505325,0.062357458122,0.21275730623,0.18002541296,0.22485387548,0.044828462516,5.5882963894,58.202771997,0.86174270523,0.33816528662,0.050165184244,0.19021505325,0.15000500541,0.016048144433,0.27118644068,0.16257440476,0.0546875,0.734375,0.6796875,0.22873563218,female
0.18758287933,0.069075817898,0.20910746812,0.18309653916,0.22619307832,0.043096539162,9.5074465004,150.6266982,0.87396193511,0.3780778594,0.049981785064,0.18758287933,0.15936348245,0.018264840183,0.26666666667,0.16510416667,0.0546875,0.640625,0.5859375,0.31540229885,female
0.1910885127,0.075746459645,0.20622754491,0.17916167665,0.24694610778,0.067784431138,7.8069831886,124.64805905,0.90361434753,0.44792219753,0.05005988024,0.1910885127,0.14716476065,0.015748031496,0.27586206897,0.17358398438,0.0546875,0.6171875,0.5625,0.28136200717,female
0.19684542546,0.064699957857,0.212,0.18453333333,0.23813333333,0.0536,4.3846790988,47.254701512,0.89740407647,0.39375723889,0.050133333333,0.19684542546,0.16040494357,0.016842105263,0.26666666667,0.22413793103,0.0546875,0.5546875,0.5,0.3671875,female
0.19028824455,0.069486372362,0.20926658906,0.18286379511,0.2372991851,0.054435389988,4.7352240805,46.590196252,0.88519112049,0.38483345203,0.05019790454,0.19028824455,0.18456101547,0.017353579176,0.25806451613,0.22214673913,0.0546875,0.859375,0.8046875,0.2374227714,female
0.19300514501,0.061767942267,0.2081390593,0.18380368098,0.22646216769,0.042658486708,4.3522026503,42.712961825,0.88390917569,0.36909236486,0.050102249489,0.19300514501,0.17816013424,0.025518341308,0.26666666667,0.18836805556,0.0546875,0.734375,0.6796875,0.27763041556,female
0.19257259867,0.036543124268,0.19079002079,0.17405405405,0.21087318087,0.036819126819,3.0309837937,15.538050037,0.88394993407,0.16924173268,0.19122661123,0.19257259867,0.17425949418,0.022630834512,0.27586206897,0.7191722973,0.1484375,6.984375,6.8359375,0.086693877551,female
0.19558343196,0.057804860294,0.20235701906,0.19071057192,0.23147313692,0.040762564991,3.9226381211,24.293758162,0.89237611911,0.43258822429,0.20017331023,0.19558343196,0.15017982629,0.017185821697,0.25,0.4628125,0.0078125,1.90625,1.8984375,0.19574163536,female
0.19664423152,0.051145410813,0.20384937238,0.18061366806,0.23216178522,0.051548117155,2.2003296763,8.1883177544,0.90356935671,0.40503861726,0.18237099024,0.19664423152,0.19256381299,0.029574861368,0.27586206897,0.4440625,0.1640625,0.8671875,0.703125,0.44490740741,female
0.18244086942,0.082690531011,0.21594095941,0.14413284133,0.23686346863,0.092730627306,2.5061218956,10.818675408,0.92119548715,0.53171500478,0.22859778598,0.18244086942,0.1566973521,0.01588877855,0.27118644068,0.44875,0.0078125,4.1015625,4.09375,0.14720680083,female
0.089693382746,0.069069728385,0.063466666667,0.039733333333,0.12826666667,0.088533333333,1.6447535481,5.0224651631,0.94586771408,0.65597601994,0.048266666667,0.089693382746,0.17771311363,0.020075282309,0.27118644068,2.2535511364,0.0078125,5.3828125,5.375,0.29422757475,female
0.1997425635,0.066577404267,0.2140027894,0.18178521618,0.24914923291,0.067364016736,1.68468842,5.6778127663,0.92255871671,0.50623636772,0.26105997211,0.1997425635,0.14817041061,0.015732546706,0.27586206897,0.88585069444,0.0078125,6.7421875,6.734375,0.19214037123,female
0.20462141475,0.059611223105,0.22446694461,0.19578320429,0.23764145325,0.041858248958,3.0004461331,14.702111106,0.89661021373,0.41606759553,0.23097081596,0.20462141475,0.13291726278,0.016129032258,0.27586206897,0.40399305556,0.0078125,5.140625,5.1328125,0.10328837917,female
0.19685602894,0.062990825326,0.21423766816,0.19352017937,0.22930493274,0.035784753363,3.5407192837,19.561051386,0.89476261813,0.43214658141,0.21769058296,0.19685602894,0.1632535581,0.016326530612,0.27586206897,0.41939786585,0.0078125,5.2890625,5.28125,0.087394892557,female
0.1930741037,0.067900377367,0.21341701534,0.18705718271,0.23372384937,0.046666666667,2.1596747136,7.6395419509,0.91428317334,0.49996249423,0.20775453278,0.1930741037,0.14714932063,0.015655577299,0.27586206897,0.42588141026,0.0078125,6.546875,6.5390625,0.078982208014,female
0.20993290157,0.065777093768,0.23255230126,0.19740585774,0.24836820084,0.050962343096,2.2934688036,9.1188891203,0.90378902002,0.44225577813,0.24231520223,0.20993290157,0.19697906947,0.03611738149,0.27586206897,1.33625,0.0234375,7,6.9765625,0.26734505088,female
0.19455735787,0.063390177969,0.20979980934,0.17723546235,0.23836034318,0.061124880839,1.5995900983,5.3349933442,0.92098859106,0.51091628398,0.21647283127,0.19455735787,0.18784182389,0.017621145374,0.25806451613,1.4942708333,0.078125,6.96875,6.890625,0.30525030525,female
0.18443837077,0.057146649955,0.19008797654,0.17140762463,0.21328445748,0.041876832845,3.0486779714,13.728153403,0.89820782323,0.45762311123,0.21123167155,0.18443837077,0.17459168195,0.015763546798,0.27586206897,0.29986213235,0.0078125,5.1015625,5.09375,0.073273302988,female
0.20104799488,0.06940773164,0.21732360097,0.18581508516,0.25070559611,0.064890510949,1.4512017903,4.1728561835,0.92171301379,0.48919277221,0.22788321168,0.20104799488,0.13190525881,0.015873015873,0.27586206897,0.83110119048,0.0078125,6.5390625,6.53125,0.15156761521,female
0.19398146317,0.052240234471,0.2054248366,0.17316993464,0.22532679739,0.052156862745,1.8464737341,6.1466230781,0.91006771739,0.45504003078,0.22326797386,0.19398146317,0.18257417863,0.021024967148,0.27586206897,0.29166666667,0.0078125,2.0703125,2.0625,0.1169077135,female
0.16378461064,0.067436723993,0.16330949949,0.14128702758,0.21193054137,0.07064351379,2.9843597253,14.447494401,0.94916681375,0.69821753162,0.15587334014,0.16378461064,0.14051225448,0.016194331984,0.23529411765,0.1890625,0.0078125,0.3671875,0.359375,0.33385093168,female
0.18320576405,0.061148264513,0.19993980436,0.16264860798,0.22121896163,0.058570353649,2.0759790747,7.6092872031,0.93092773991,0.57244857023,0.20057185854,0.18320576405,0.18487625534,0.019975031211,0.26229508197,0.3215625,0.0078125,3.5390625,3.53125,0.09503655252,female
0.19607429486,0.058098373306,0.20528589581,0.18144853875,0.23321473952,0.051766200762,2.1825815891,8.4290333229,0.91318772049,0.47457715554,0.20101651842,0.19607429486,0.18830698307,0.069565217391,0.26229508197,0.20614919355,0.0078125,0.3828125,0.375,0.16163793103,female
0.17622199237,0.059514523637,0.18725972994,0.15545671168,0.21483717236,0.059380460683,1.4265457912,4.2179593137,0.94346434328,0.62588923577,0.21038919778,0.17622199237,0.17493827076,0.021978021978,0.24242424242,0.39021381579,0.015625,3.9140625,3.8984375,0.1190158094,female
0.19076867137,0.064056692411,0.1940514776,0.14814108675,0.24850333651,0.10036224976,1.1199322503,3.5190703038,0.93945958484,0.57968704038,0.14467111535,0.19076867137,0.13808350958,0.017278617711,0.27118644068,0.18415178571,0.015625,0.2734375,0.2578125,0.31934731935,female
0.19706350806,0.053213260919,0.2126899017,0.18341376229,0.22770330652,0.044289544236,2.3398990949,8.064511786,0.89991120041,0.44217543351,0.21243967828,0.19706350806,0.1817745936,0.018845700824,0.27586206897,0.234765625,0.1015625,0.4609375,0.359375,0.11327231121,female
0.18783671861,0.062373610564,0.20636174636,0.17667359667,0.22731808732,0.050644490644,2.4534925777,9.0857392389,0.9156075575,0.51287767377,0.2311018711,0.18783671861,0.17133975912,0.01614530777,0.27586206897,0.20662006579,0.0078125,0.46875,0.4609375,0.1215496368,female
0.18757440848,0.070237334435,0.20705501618,0.16763754045,0.23333333333,0.06569579288,1.802315483,6.4187959086,0.9429766305,0.61141275837,0.23121898598,0.18757440848,0.1574518141,0.016227180527,0.25806451613,0.49115953947,0.0078125,3.6796875,3.671875,0.13993920973,female
0.1909751927,0.060531254826,0.20691299166,0.1631942789,0.23628128725,0.073087008343,1.3114708776,4.0377342649,0.93307642641,0.58060889773,0.24395709178,0.1909751927,0.17621367202,0.018264840183,0.25,0.2078125,0.1640625,0.2578125,0.09375,0.32407407407,female
0.1510967289,0.086332357047,0.18391420912,0.061054512958,0.22119749777,0.16014298481,1.6597745146,6.1551280141,0.95860368081,0.71082364315,0.2071849866,0.1510967289,0.1878867947,0.041994750656,0.24242424242,0.29823369565,0.015625,0.8515625,0.8359375,0.24432576769,female
0.11540163827,0.078226434756,0.10700228833,0.042929061785,0.18389016018,0.1409610984,1.2080846452,4.5704115328,0.96919683646,0.78613368729,0.016018306636,0.11540163827,0.16583301632,0.017582417582,0.23880597015,0.92912946429,0.0078125,5.5078125,5.5,0.14466783217,female
0.11621269591,0.08519530749,0.091020019066,0.040038131554,0.19244995234,0.15241182078,1.3072999734,4.809447521,0.96636278095,0.76343567769,0.034432793136,0.11621269591,0.18284682657,0.026272577997,0.25396825397,0.27960526316,0.015625,0.7421875,0.7265625,0.50597371565,female
0.16812211275,0.080610345603,0.19251925193,0.10811881188,0.22886688669,0.12074807481,2.0434265013,8.9692199136,0.95295267994,0.69566389893,0.19559955996,0.16812211275,0.19480819635,0.053511705686,0.27586206897,0.6875,0.015625,3.6484375,3.6328125,0.2476344086,female
0.13247695314,0.087523742861,0.14180811808,0.043653136531,0.21542435424,0.17177121771,1.1855985244,4.7169396671,0.97848179007,0.84293593145,0.24177121771,0.13247695314,0.21412738074,0.16842105263,0.26229508197,0.33840460526,0.015625,0.7890625,0.7734375,0.33333333333,female
0.13478526616,0.082020211914,0.14205278592,0.05706744868,0.20240469208,0.1453372434,1.3419731907,5.5967257658,0.97384343496,0.80131269812,0.20035190616,0.13478526616,0.17986717977,0.028520499109,0.27586206897,0.52173913043,0.0234375,3.875,3.8515625,0.15377185357,female
0.14441854397,0.086971148537,0.15601577909,0.061025641026,0.22284023669,0.16181459566,0.60837104376,2.844063089,0.97635546098,0.81805629923,0.19550295858,0.14441854397,0.17842036247,0.016666666667,0.27586206897,0.50930059524,0.0078125,3.8984375,3.890625,0.15176495456,female
0.13742608818,0.083223905091,0.17451676529,0.048047337278,0.2007495069,0.15270216963,2.0800620984,7.691563791,0.93615803853,0.61480752645,0.19357001972,0.13742608818,0.16383964675,0.066666666667,0.23880597015,0.71651785714,0.0078125,3,2.9921875,0.23107049608,female
0.13590789399,0.086811753234,0.15921568627,0.046437908497,0.21366013072,0.16722222222,1.5376515601,5.5254814647,0.96710333406,0.77264421069,0.0073202614379,0.13590789399,0.18554766656,0.032520325203,0.27118644068,0.30558894231,0.0078125,0.90625,0.8984375,0.26991304348,female
0.15048081828,0.090633925375,0.19126290707,0.053598093725,0.22751389992,0.1739158062,1.3938715373,5.5259623399,0.95843522348,0.69903415284,0.21928514694,0.15048081828,0.1827102694,0.042895442359,0.27586206897,0.75625,0.0078125,4.9375,4.9296875,0.19585314316,female
0.14895083553,0.084411855132,0.1778179082,0.06173062453,0.21658389767,0.15485327314,2.4861405692,14.315189331,0.96499099965,0.75447352471,0.21110609481,0.14895083553,0.19926877803,0.01724137931,0.25806451613,0.243359375,0.0078125,0.6640625,0.65625,0.37531328321,female
0.1091484803,0.091541759563,0.07157712305,0.024263431542,0.19532062392,0.17105719237,1.8992223491,6.4728594344,0.94861752596,0.67884326539,0.020623916811,0.1091484803,0.19084614128,0.030188679245,0.27586206897,0.359375,0.0078125,0.71875,0.7109375,0.3543956044,female
0.15841724062,0.081199765861,0.18764295676,0.085523012552,0.21907949791,0.13355648536,1.8170304189,7.2381683139,0.95592684133,0.69846599993,0.19838214784,0.15841724062,0.19275415745,0.0625,0.26229508197,0.3590625,0.03125,0.921875,0.890625,0.31502669718,female
0.11600183317,0.088799475304,0.12154228856,0.02368159204,0.1939800995,0.17029850746,2.1936717535,8.40415765,0.94358391327,0.67659790576,0.0073134328358,0.11600183317,0.18400038378,0.086486486486,0.25806451613,0.33816964286,0.0078125,0.7109375,0.703125,0.40341880342,female
0.097732542091,0.080077938184,0.065308310992,0.032779267203,0.15989276139,0.12711349419,1.2729202357,3.8656413297,0.95769343633,0.7154852478,0.026273458445,0.097732542091,0.17839992724,0.021680216802,0.25396825397,0.52560763889,0.0078125,4.2578125,4.25,0.17874134948,female
0.1340449162,0.091722855808,0.13070938215,0.041967963387,0.21560640732,0.17363844394,1.4021655688,5.2784799707,0.95968875538,0.72584758175,0.18581235698,0.1340449162,0.19458570969,0.027397260274,0.27586206897,0.39663461538,0.0234375,1.0703125,1.046875,0.30286069652,female
